{
  "hash": "9a9a8265",
  "configHash": "5c922f00",
  "lockfileHash": "d2396e09",
  "browserHash": "1c101893",
  "optimized": {
    "@angular/cdk/layout": {
      "src": "../../../../../node_modules/@angular/cdk/fesm2022/layout.mjs",
      "file": "@angular_cdk_layout.js",
      "fileHash": "94e1d446",
      "needsInterop": false
    },
    "@angular/common": {
      "src": "../../../../../node_modules/@angular/common/fesm2022/common.mjs",
      "file": "@angular_common.js",
      "fileHash": "6f5a3161",
      "needsInterop": false
    },
    "@angular/core": {
      "src": "../../../../../node_modules/@angular/core/fesm2022/core.mjs",
      "file": "@angular_core.js",
      "fileHash": "9edf3fa5",
      "needsInterop": false
    },
    "@angular/material/button": {
      "src": "../../../../../node_modules/@angular/material/fesm2022/button.mjs",
      "file": "@angular_material_button.js",
      "fileHash": "8d5d7b16",
      "needsInterop": false
    },
    "@angular/material/icon": {
      "src": "../../../../../node_modules/@angular/material/fesm2022/icon.mjs",
      "file": "@angular_material_icon.js",
      "fileHash": "f6e7ae72",
      "needsInterop": false
    },
    "@angular/material/list": {
      "src": "../../../../../node_modules/@angular/material/fesm2022/list.mjs",
      "file": "@angular_material_list.js",
      "fileHash": "6ea2d2ed",
      "needsInterop": false
    },
    "@angular/material/sidenav": {
      "src": "../../../../../node_modules/@angular/material/fesm2022/sidenav.mjs",
      "file": "@angular_material_sidenav.js",
      "fileHash": "b99c6638",
      "needsInterop": false
    },
    "@angular/material/toolbar": {
      "src": "../../../../../node_modules/@angular/material/fesm2022/toolbar.mjs",
      "file": "@angular_material_toolbar.js",
      "fileHash": "d0f5e61e",
      "needsInterop": false
    },
    "@angular/platform-browser": {
      "src": "../../../../../node_modules/@angular/platform-browser/fesm2022/platform-browser.mjs",
      "file": "@angular_platform-browser.js",
      "fileHash": "b4841910",
      "needsInterop": false
    },
    "@angular/platform-browser/animations/async": {
      "src": "../../../../../node_modules/@angular/platform-browser/fesm2022/animations/async.mjs",
      "file": "@angular_platform-browser_animations_async.js",
      "fileHash": "4effc174",
      "needsInterop": false
    },
    "@angular/router": {
      "src": "../../../../../node_modules/@angular/router/fesm2022/router.mjs",
      "file": "@angular_router.js",
      "fileHash": "d0361c1f",
      "needsInterop": false
    },
    "@angular/material/slide-toggle": {
      "src": "../../../../../node_modules/@angular/material/fesm2022/slide-toggle.mjs",
      "file": "@angular_material_slide-toggle.js",
      "fileHash": "bd6d9e27",
      "needsInterop": false
    }
  },
  "chunks": {
    "browser-2LV2VIGU": {
      "file": "browser-2LV2VIGU.js"
    },
    "chunk-EG5ZRC3C": {
      "file": "chunk-EG5ZRC3C.js"
    },
    "chunk-NUAUNTW2": {
      "file": "chunk-NUAUNTW2.js"
    },
    "chunk-USQKBIRN": {
      "file": "chunk-USQKBIRN.js"
    },
    "chunk-33YBRLIF": {
      "file": "chunk-33YBRLIF.js"
    },
    "chunk-DWID6KRJ": {
      "file": "chunk-DWID6KRJ.js"
    },
    "chunk-NO7T3QQA": {
      "file": "chunk-NO7T3QQA.js"
    },
    "chunk-4QRCQLYD": {
      "file": "chunk-4QRCQLYD.js"
    },
    "chunk-WE4GMWBV": {
      "file": "chunk-WE4GMWBV.js"
    }
  }
}